{"cameraMode":{"drawMode":0,"name":"Shaded","section":"Shading Mode"},"sceneLighting":true,"audioPlay":false,"sceneViewState":{"m_AlwaysRefresh":false,"showFog":true,"showSkybox":true,"showFlares":true,"showImageEffects":true,"showParticleSystems":true,"showVisualEffectGraphs":true,"m_FxEnabled":true},"in2DMode":false,"pivot":{"x":-4.202724933624268,"y":-7.649797439575195,"z":5.385541915893555},"rotation":{"x":-0.39070582389831545,"y":-0.002216277178376913,"z":0.0009405922028236091,"w":-0.9205153584480286},"size":24.706026077270509,"orthographic":false}