{"cameraMode":{"drawMode":0,"name":"Shaded","section":"Shading Mode"},"sceneLighting":true,"audioPlay":false,"sceneViewState":{"m_AlwaysRefresh":false,"showFog":true,"showSkybox":true,"showFlares":true,"showImageEffects":true,"showParticleSystems":true,"showVisualEffectGraphs":true,"m_FxEnabled":true},"in2DMode":false,"pivot":{"x":-1.370844841003418,"y":-24.195762634277345,"z":106.36673736572266},"rotation":{"x":0.13250254094600678,"y":0.00892062857747078,"z":-0.0011917476076632739,"w":0.9911451935768127},"size":87.65458679199219,"orthographic":false}